number,name_jp,name_en,episodes,ok,checked_by,checked_date,note,(参考)現在の状態
1,アダム,Adam,-,,,,,draft
2,リリス,Lilith,-,,,,,draft
3,サキエル,Sachiel,1,,,,,draft
4,シャムシエル,Shamshel,2;3,,,,,draft
5,ラミエル,Ramiel,5;6,,,,,draft
6,ガギエル,Gaghiel,8,,,,,draft
7,イスラフェル,Israfel,9,,,,,draft
8,サンダルフォン,Sandalphon,10,,,,,draft
9,マトリエル,Matarael,11,,,,,draft
10,サハクィエル,Sahaquiel,12,,,,,draft
11,イロウル,Ireul,13,,,,,draft
12,レリエル,Leliel,16,,,,,draft
13,バルディエル,Bardiel,17;18,,,,,draft
14,ゼルエル,Zeruel,19,,,,,draft
15,アラエル,Arael,22,,,,,draft
16,アルミサエル,Armisael,23,,,,,draft
17,タブリス,Tabris,24,,,,,draft
