episode,title_jp,title_en,air_date_jp,viewed_edition,sorties,focus,reveals,version_note,ok,checked_by,checked_date,note,(参考)使徒の登録内容,(参考)現在の状態
1,使徒、襲来,,,,,,,,,,,,第3使徒 サキエル,draft
2,見知らぬ、天井,,,,,,,,,,,,第4使徒 シャムシエル,draft
3,鳴らない、電話,,,,,,,,,,,,第4使徒 シャムシエル,draft
4,雨、逃げ出した後,,,,,,,,,,,,(なし),draft
5,レイ、心の向こうに,,,,,,,,,,,,第5使徒 ラミエル,draft
6,決戦、第3新東京市,,,,,,,,,,,,第5使徒 ラミエル,draft
7,人の造りしもの,,,,,,,,,,,,(なし),draft
8,アスカ、来日,,,,,,,,,,,,第6使徒 ガギエル,draft
9,瞬間、心、重ねて,,,,,,,,,,,,第7使徒 イスラフェル,draft
10,マグマダイバー,,,,,,,,,,,,第8使徒 サンダルフォン,draft
11,静止した闇の中で,,,,,,,,,,,,第9使徒 マトリエル,draft
12,奇跡の価値は,,,,,,,,,,,,第10使徒 サハクィエル,draft
13,使徒、侵入,,,,,,,,,,,,第11使徒 イロウル,draft
14,ゼーレ、魂の座,,,,,,,,,,,,(なし),draft
15,嘘と沈黙,,,,,,,,,,,,(なし),draft
16,死に至る病、そして,,,,,,,,,,,,第12使徒 レリエル,draft
17,四人目の適格者,,,,,,,,,,,,第13使徒 バルディエル,draft
18,命の選択を,,,,,,,,,,,,第13使徒 バルディエル,draft
19,男の戦い,,,,,,,,,,,,第14使徒 ゼルエル,draft
20,心のかたち 人のかたち,,,,,,,,,,,,(なし),draft
21,ネルフ、誕生,,,,,,,,,,,,(なし),draft
22,せめて、人間らしく,,,,,,,,,,,,第15使徒 アラエル,draft
23,涙,,,,,,,,,,,,第16使徒 アルミサエル,draft
24,最後のシ者,,,,,,,,,,,,第17使徒 タブリス,draft
25,終わる世界,,,,,,,,,,,,(なし),draft
26,世界の中心でアイを叫んだけもの,,,,,,,,,,,,(なし),draft
