title,author_or_group,publisher,series_or_format,source,verified
新世紀エヴァンゲリオンの謎,特務機関調査プロジェクトチーム,ロングセラーズ,ムックセレクト,web search (used-goods listing),no
エヴァンゲリオンの謎,特務機関調査プロジェクトチーム,青春出版社,青春文庫,web search,no
エヴァンゲリオンの謎 劇場版「シト新生」,新世紀特務調査班,本の森出版センター,C・books,web search (used-goods listing),no
新世紀エヴァンゲリオンの謎 2 破壊と再生の申し子たち,武内左近,ロングセラーズ,ムックの本,web search (used-goods listing),no
エヴァンゲリオンの超真相 謎解き決定版!,新世紀エヴァンゲリオン学会,文化創作出版,My book,web search (used-goods listing),no
エヴァンゲリオン7人の研究,エヴァ封印7人委員会,コスモ出版,,web search,no
エヴァンゲリオン完全解体全書 再起動計画,特務機関調査プロジェクトチーム,青春出版社,,web search,no
新世紀エヴァンゲリオン完全補完文書,特務機関調査プロジェクトチーム,日本文芸社,,web search,no
エヴァンゲリオンの秘密,21世紀架空世界研究会,データハウス,,web search,no
ラストエヴァンゲリオン解体新書,近藤光信,本の森出版センター,C・books,web search,no
